Volume,Maker,Taker
0,0.0002,0.0007
2000000,0.00015,0.0006
5000000,0.0001,0.00055
10000000,0.00005,0.0005
25000000,0,0.00045
50000000,0,0.0004
